Date,Open,High,Low,Close,Volume
10-Aug-17,2.93,2.99,2.89,2.92,49667
9-Aug-17,2.92,2.94,2.84,2.89,60502
8-Aug-17,2.92,2.92,2.82,2.88,30190
7-Aug-17,2.91,2.91,2.86,2.88,30128
4-Aug-17,3.02,3.06,2.88,2.91,70212
3-Aug-17,3.11,3.12,3.06,3.06,51570
2-Aug-17,3.11,3.14,3.09,3.14,96481
1-Aug-17,3.12,3.16,3.07,3.11,52356
31-Jul-17,3.22,3.22,3.12,3.15,99155
28-Jul-17,3.24,3.24,3.18,3.22,46481
27-Jul-17,3.20,3.25,3.18,3.23,59997
26-Jul-17,3.09,3.23,3.09,3.20,83044
25-Jul-17,3.00,3.10,3.00,3.07,79945
24-Jul-17,2.93,3.00,2.93,3.00,51170
21-Jul-17,2.92,2.94,2.92,2.92,87125
20-Jul-17,2.87,2.93,2.87,2.93,54298
19-Jul-17,2.82,2.89,2.81,2.87,43766
18-Jul-17,2.83,2.88,2.81,2.83,37633
17-Jul-17,2.75,2.85,2.75,2.82,49445
14-Jul-17,2.75,2.81,2.72,2.73,47687
13-Jul-17,2.74,2.78,2.71,2.73,42605
12-Jul-17,2.78,2.84,2.75,2.77,114879
11-Jul-17,2.76,2.78,2.76,2.76,13070
10-Jul-17,2.74,2.80,2.70,2.76,49173
7-Jul-17,2.80,2.80,2.70,2.72,112037
6-Jul-17,2.78,2.88,2.75,2.77,97115
5-Jul-17,2.70,2.79,2.70,2.74,64901
3-Jul-17,2.76,2.77,2.71,2.71,21532
30-Jun-17,2.78,2.80,2.72,2.79,37337
29-Jun-17,2.80,2.80,2.72,2.78,43736
28-Jun-17,2.85,2.86,2.74,2.79,37817
27-Jun-17,2.92,2.94,2.80,2.82,72610
26-Jun-17,2.84,2.92,2.80,2.92,59331
23-Jun-17,2.79,2.89,2.79,2.86,65146
22-Jun-17,2.80,2.90,2.79,2.80,70634
21-Jun-17,2.77,2.80,2.75,2.79,48681
20-Jun-17,2.75,2.78,2.65,2.77,45470
19-Jun-17,2.79,2.80,2.73,2.75,101536
16-Jun-17,2.77,2.83,2.77,2.80,37626
15-Jun-17,2.83,2.84,2.78,2.80,49231
14-Jun-17,2.91,2.93,2.83,2.84,76748
13-Jun-17,2.90,2.93,2.85,2.89,62140
12-Jun-17,2.85,2.90,2.80,2.88,72866
9-Jun-17,2.85,2.90,2.79,2.85,76843
8-Jun-17,3.03,3.06,2.85,2.91,194079
7-Jun-17,2.91,3.10,2.89,3.04,344445
6-Jun-17,2.91,2.94,2.87,2.89,74584
5-Jun-17,2.90,2.94,2.85,2.89,67796
2-Jun-17,2.73,2.82,2.72,2.82,50962
1-Jun-17,2.75,2.80,2.71,2.72,53882
31-May-17,2.82,2.87,2.75,2.75,51295
30-May-17,2.86,2.87,2.81,2.83,24966
26-May-17,2.85,2.87,2.85,2.86,36992
25-May-17,2.85,2.86,2.80,2.82,49169
24-May-17,2.85,2.87,2.84,2.85,42930
23-May-17,2.87,2.90,2.86,2.86,21715
22-May-17,2.88,2.90,2.86,2.88,39333
19-May-17,2.89,2.91,2.85,2.90,40061
18-May-17,2.91,2.93,2.84,2.88,25839
17-May-17,2.88,2.93,2.86,2.89,54454
16-May-17,2.87,2.88,2.77,2.78,71178
15-May-17,2.87,2.89,2.85,2.87,64001
12-May-17,2.82,2.89,2.82,2.86,47903
11-May-17,2.77,2.84,2.75,2.82,68368
10-May-17,2.65,2.74,2.63,2.74,29949
9-May-17,2.66,2.70,2.61,2.65,48616
8-May-17,2.69,2.78,2.65,2.67,37284
5-May-17,2.63,2.76,2.60,2.64,49995
4-May-17,2.70,2.73,2.64,2.64,126168
3-May-17,2.75,2.75,2.70,2.73,41660
2-May-17,2.74,2.78,2.74,2.75,32943
1-May-17,2.80,2.80,2.69,2.75,106212
28-Apr-17,2.77,2.83,2.77,2.80,70377
27-Apr-17,2.85,2.87,2.80,2.80,59064
26-Apr-17,2.82,2.87,2.80,2.85,118982
25-Apr-17,2.82,2.82,2.77,2.79,90045
24-Apr-17,2.84,2.90,2.79,2.83,49987
21-Apr-17,2.83,2.84,2.80,2.81,54199
20-Apr-17,2.83,2.87,2.80,2.80,109868
19-Apr-17,2.88,2.89,2.80,2.82,118879
18-Apr-17,2.90,2.90,2.78,2.88,164275
17-Apr-17,2.87,2.93,2.85,2.87,35633
13-Apr-17,2.92,3.00,2.87,2.87,79436
12-Apr-17,2.86,2.90,2.84,2.89,78588
11-Apr-17,2.90,2.90,2.82,2.83,116492
10-Apr-17,2.93,2.93,2.86,2.87,65763
7-Apr-17,2.95,2.98,2.92,2.93,57645
6-Apr-17,2.94,2.96,2.87,2.93,34826
5-Apr-17,2.94,3.04,2.85,2.93,107248
4-Apr-17,2.87,2.95,2.81,2.93,188772
3-Apr-17,2.85,2.89,2.80,2.85,93997
31-Mar-17,2.85,2.89,2.81,2.84,64857
30-Mar-17,2.84,2.89,2.79,2.85,92496
29-Mar-17,2.81,2.89,2.80,2.83,51859
28-Mar-17,2.87,2.87,2.80,2.81,98263
27-Mar-17,2.93,2.93,2.86,2.89,148999
24-Mar-17,2.92,2.92,2.85,2.89,164765
23-Mar-17,2.99,2.99,2.90,2.92,87404
22-Mar-17,3.00,3.01,2.95,2.96,71841
21-Mar-17,2.98,3.02,2.95,2.99,147781
20-Mar-17,2.99,3.00,2.90,2.99,58266
17-Mar-17,2.99,3.00,2.90,2.98,85370
16-Mar-17,3.00,3.04,2.91,2.98,78393
15-Mar-17,2.96,3.00,2.91,2.98,78132
14-Mar-17,3.00,3.04,2.90,2.96,77640
13-Mar-17,2.93,3.05,2.83,3.00,195250
10-Mar-17,2.88,2.97,2.78,2.92,184997
9-Mar-17,2.89,2.92,2.88,2.88,95384
8-Mar-17,2.89,3.07,2.86,2.88,128366
7-Mar-17,2.93,2.93,2.67,2.89,332991
6-Mar-17,3.03,3.05,2.91,2.96,201434
3-Mar-17,3.09,3.10,3.02,3.04,96742
2-Mar-17,3.12,3.18,3.02,3.05,106670
1-Mar-17,3.15,3.23,3.12,3.16,92813
28-Feb-17,3.20,3.25,3.14,3.20,164638
27-Feb-17,3.30,3.30,3.10,3.17,120953
24-Feb-17,3.25,3.33,3.17,3.22,340007
23-Feb-17,3.13,3.15,3.06,3.10,127157
22-Feb-17,3.10,3.12,3.06,3.09,138573
21-Feb-17,3.15,3.18,3.08,3.08,167916
17-Feb-17,3.17,3.21,3.15,3.20,88953
16-Feb-17,3.25,3.25,3.17,3.20,81469
15-Feb-17,3.26,3.28,3.21,3.25,59608
14-Feb-17,3.27,3.27,3.22,3.26,78528
13-Feb-17,3.31,3.32,3.24,3.29,93360
10-Feb-17,3.30,3.35,3.28,3.34,161151
9-Feb-17,3.39,3.40,3.29,3.34,99253
8-Feb-17,3.38,3.39,3.31,3.38,172210
7-Feb-17,3.35,3.39,3.31,3.36,113398
6-Feb-17,3.33,3.39,3.31,3.37,214719
3-Feb-17,3.24,3.32,3.24,3.29,204976
2-Feb-17,3.20,3.29,3.20,3.24,171110
1-Feb-17,3.21,3.21,3.07,3.20,126312
31-Jan-17,3.10,3.24,3.06,3.20,214002
30-Jan-17,3.12,3.19,2.98,3.07,200748
27-Jan-17,3.15,3.18,3.07,3.08,101590
26-Jan-17,3.14,3.16,3.10,3.14,101441
25-Jan-17,3.20,3.20,3.14,3.15,82954
24-Jan-17,3.15,3.19,3.14,3.15,43206
23-Jan-17,3.22,3.25,3.10,3.15,151461
20-Jan-17,3.25,3.25,3.17,3.19,59794
19-Jan-17,3.27,3.30,3.21,3.22,56893
18-Jan-17,3.35,3.36,3.26,3.28,122642
17-Jan-17,3.35,3.36,3.31,3.32,92079
13-Jan-17,3.35,3.37,3.30,3.33,71543
12-Jan-17,3.44,3.45,3.32,3.35,73555
11-Jan-17,3.39,3.43,3.35,3.37,120765
10-Jan-17,3.39,3.45,3.31,3.37,116204
9-Jan-17,3.41,3.48,3.35,3.37,144245
6-Jan-17,3.40,3.44,3.29,3.35,119420
5-Jan-17,3.40,3.48,3.38,3.40,144718
4-Jan-17,3.39,3.44,3.32,3.35,89426
3-Jan-17,3.25,3.49,3.22,3.34,111655
30-Dec-16,3.42,3.42,3.22,3.27,125472
29-Dec-16,3.32,3.45,3.32,3.40,128195
28-Dec-16,3.28,3.33,3.25,3.31,140027
27-Dec-16,3.21,3.39,3.21,3.29,102783
23-Dec-16,3.10,3.28,3.10,3.21,117097
22-Dec-16,3.23,3.31,3.10,3.16,148928
21-Dec-16,3.28,3.30,3.20,3.22,72559
20-Dec-16,3.23,3.36,3.13,3.29,161223
19-Dec-16,3.30,3.33,3.17,3.26,229981
16-Dec-16,3.39,3.43,3.31,3.31,193931
15-Dec-16,3.39,3.44,3.38,3.40,182203
14-Dec-16,3.45,3.45,3.40,3.40,73509
13-Dec-16,3.42,3.46,3.39,3.42,244890
12-Dec-16,3.48,3.53,3.41,3.42,143868
9-Dec-16,3.45,3.49,3.39,3.44,183087
8-Dec-16,3.59,3.60,3.45,3.48,142658
7-Dec-16,3.62,3.72,3.55,3.58,137784
6-Dec-16,3.55,3.72,3.53,3.62,254210
5-Dec-16,3.57,3.60,3.45,3.55,230360
2-Dec-16,3.70,3.70,3.48,3.51,469468
1-Dec-16,3.75,3.78,3.70,3.76,165123
30-Nov-16,3.75,3.78,3.69,3.74,118169
29-Nov-16,3.71,3.77,3.71,3.75,110353
28-Nov-16,3.75,3.79,3.70,3.74,85947
25-Nov-16,3.74,3.87,3.71,3.75,72741
23-Nov-16,3.85,3.86,3.70,3.80,127233
22-Nov-16,3.85,3.90,3.81,3.87,70476
21-Nov-16,3.88,3.90,3.74,3.80,110767
18-Nov-16,3.87,3.94,3.73,3.84,114352
17-Nov-16,4.09,4.10,3.76,3.85,141725
16-Nov-16,4.06,4.09,3.88,4.02,96942
15-Nov-16,4.01,4.07,3.95,4.02,115814
14-Nov-16,3.90,4.08,3.77,3.98,151656
11-Nov-16,4.00,4.03,3.86,3.93,120636
10-Nov-16,4.20,4.20,3.97,4.00,191644
9-Nov-16,4.35,4.40,4.10,4.15,153072
8-Nov-16,4.36,4.36,4.21,4.35,87529
7-Nov-16,4.30,4.35,4.20,4.33,123380
4-Nov-16,4.24,4.31,4.23,4.27,54816
3-Nov-16,4.24,4.29,4.20,4.20,46582
2-Nov-16,4.35,4.41,4.20,4.22,212399
1-Nov-16,4.22,4.30,4.18,4.26,85335
31-Oct-16,4.15,4.25,4.12,4.17,59443
28-Oct-16,4.16,4.21,4.13,4.18,51829
27-Oct-16,4.23,4.25,4.11,4.18,53087
26-Oct-16,4.34,4.34,4.16,4.20,64474
25-Oct-16,4.25,4.31,4.25,4.27,29278
24-Oct-16,4.41,4.45,4.21,4.24,54945
21-Oct-16,4.31,4.40,4.31,4.36,66781
20-Oct-16,4.40,4.40,4.26,4.37,67993
19-Oct-16,4.32,4.40,4.26,4.38,72511
18-Oct-16,4.25,4.34,4.19,4.27,72019
17-Oct-16,4.25,4.26,4.15,4.25,61305
14-Oct-16,4.29,4.32,4.17,4.20,56420
13-Oct-16,4.27,4.34,4.17,4.29,52843
12-Oct-16,4.18,4.29,4.17,4.24,56684
11-Oct-16,4.40,4.40,4.10,4.17,99660
10-Oct-16,4.33,4.40,4.17,4.40,90850
7-Oct-16,4.19,4.29,4.13,4.28,75717
6-Oct-16,4.18,4.25,4.11,4.15,93305
5-Oct-16,4.20,4.26,4.10,4.18,166950
4-Oct-16,4.36,4.36,4.15,4.17,139201
3-Oct-16,4.58,4.58,4.33,4.40,90620
30-Sep-16,4.57,4.68,4.49,4.53,192275
29-Sep-16,4.46,4.56,4.29,4.55,125654
28-Sep-16,4.25,4.45,4.25,4.41,60264
27-Sep-16,4.34,4.39,4.25,4.35,166387
26-Sep-16,4.45,4.52,4.39,4.39,85544
23-Sep-16,4.79,4.80,4.40,4.42,159791
22-Sep-16,4.55,4.79,4.50,4.79,203918
21-Sep-16,4.40,4.53,4.40,4.51,182296
20-Sep-16,4.49,4.51,4.39,4.40,92164
19-Sep-16,4.50,4.56,4.43,4.55,76475
16-Sep-16,4.42,4.50,4.40,4.49,94442
15-Sep-16,4.49,4.59,4.44,4.49,74502
14-Sep-16,4.52,4.56,4.40,4.50,155710
13-Sep-16,4.60,4.69,4.52,4.54,70180
12-Sep-16,4.52,4.68,4.51,4.66,91145
9-Sep-16,4.78,4.85,4.57,4.57,101468
8-Sep-16,4.89,4.90,4.62,4.85,173467
7-Sep-16,4.70,4.84,4.65,4.82,324142
6-Sep-16,4.43,4.65,4.41,4.61,300074
2-Sep-16,4.30,4.34,4.27,4.34,115799
1-Sep-16,4.18,4.25,4.10,4.24,102003
31-Aug-16,4.24,4.30,4.15,4.18,144195
30-Aug-16,4.25,4.34,4.19,4.24,211522
29-Aug-16,4.17,4.25,4.15,4.25,121119
26-Aug-16,4.25,4.33,4.12,4.15,294345
25-Aug-16,3.82,4.19,3.82,4.16,573368
24-Aug-16,3.98,4.03,3.77,3.86,284846
23-Aug-16,4.01,4.10,3.97,4.01,111722
22-Aug-16,3.99,4.03,3.95,4.01,92169
19-Aug-16,4.10,4.11,4.00,4.03,105811
18-Aug-16,4.09,4.13,4.07,4.13,102937
17-Aug-16,4.15,4.15,4.00,4.10,118288
16-Aug-16,4.09,4.14,4.02,4.05,134880
15-Aug-16,4.28,4.28,4.02,4.13,210931
12-Aug-16,4.17,4.29,4.12,4.26,193607
11-Aug-16,4.18,4.20,3.95,4.17,357273
10-Aug-16,4.30,4.34,4.15,4.23,100118
9-Aug-16,4.33,4.40,4.14,4.19,135935
8-Aug-16,4.15,4.39,4.15,4.33,121743
5-Aug-16,4.48,4.48,4.15,4.19,325507
4-Aug-16,4.74,4.74,4.50,4.50,93045
3-Aug-16,4.60,4.70,4.55,4.68,65814
2-Aug-16,4.69,4.73,4.58,4.63,108792
1-Aug-16,4.72,4.75,4.62,4.72,115632
29-Jul-16,4.72,4.75,4.64,4.72,205004
28-Jul-16,4.68,4.71,4.58,4.71,171785
27-Jul-16,4.65,4.67,4.50,4.67,230873
26-Jul-16,4.62,4.63,4.52,4.55,84064
25-Jul-16,4.52,4.59,4.50,4.59,182811
22-Jul-16,4.51,4.52,4.49,4.51,101644
21-Jul-16,4.50,4.65,4.50,4.56,145248
20-Jul-16,4.50,4.64,4.50,4.51,238365
19-Jul-16,4.70,4.74,4.50,4.52,299390
18-Jul-16,4.92,4.92,4.69,4.75,235075
15-Jul-16,4.79,4.86,4.76,4.84,98228
14-Jul-16,4.77,4.85,4.71,4.78,344033
13-Jul-16,4.72,4.92,4.72,4.86,232285
12-Jul-16,4.99,4.99,4.68,4.76,224298
11-Jul-16,4.99,5.02,4.79,4.86,493531
8-Jul-16,4.84,4.98,4.78,4.93,714478
7-Jul-16,4.80,4.85,4.63,4.85,470954
6-Jul-16,4.62,4.76,4.50,4.70,820026
5-Jul-16,4.46,4.49,4.38,4.49,800836
1-Jul-16,4.39,4.45,4.34,4.39,354245
30-Jun-16,4.40,4.40,4.22,4.29,152306
29-Jun-16,4.50,4.50,4.15,4.22,531964
28-Jun-16,4.25,4.33,4.05,4.31,314291
27-Jun-16,4.30,4.30,4.06,4.20,367328
24-Jun-16,4.45,4.45,4.03,4.21,584047
23-Jun-16,4.10,4.17,3.99,4.17,223250
22-Jun-16,3.90,4.08,3.83,4.03,411838
21-Jun-16,3.93,4.00,3.81,3.93,498936
20-Jun-16,3.98,4.10,3.82,3.97,1298257
17-Jun-16,4.08,4.14,3.91,3.99,405598
16-Jun-16,4.19,4.22,3.94,4.00,441268
15-Jun-16,3.90,4.10,3.86,4.05,552278
14-Jun-16,4.28,4.34,3.86,4.04,804421
13-Jun-16,4.46,4.49,4.24,4.26,213718
10-Jun-16,4.34,4.47,4.23,4.33,391919
9-Jun-16,4.34,4.34,4.22,4.26,182501
8-Jun-16,4.32,4.38,4.18,4.21,318233
7-Jun-16,4.35,4.35,4.16,4.29,240415
6-Jun-16,4.31,4.40,4.20,4.35,161056
3-Jun-16,4.17,4.31,4.10,4.31,347536
2-Jun-16,4.10,4.14,3.97,4.05,89492
1-Jun-16,4.19,4.19,3.98,4.15,218613
31-May-16,4.22,4.22,4.00,4.12,201181
27-May-16,4.14,4.15,3.93,4.09,157063
26-May-16,4.20,4.24,4.02,4.09,131913
25-May-16,4.11,4.20,3.93,4.20,235708
24-May-16,4.24,4.25,3.96,4.03,349647
23-May-16,4.46,4.50,4.26,4.27,132258
20-May-16,4.40,4.47,4.21,4.46,162158
19-May-16,4.54,4.54,4.20,4.33,222305
18-May-16,4.46,4.65,4.25,4.43,439975
17-May-16,4.05,4.38,4.05,4.23,336164
16-May-16,4.02,4.10,3.99,4.05,317983
13-May-16,3.99,4.03,3.88,3.92,260083
12-May-16,3.91,3.99,3.82,3.87,156978
11-May-16,4.06,4.10,3.86,3.88,294882
10-May-16,3.93,3.99,3.87,3.90,148978
9-May-16,4.00,4.04,3.83,3.95,196872
6-May-16,4.05,4.08,3.85,3.95,277679
5-May-16,3.88,3.96,3.71,3.78,628395
4-May-16,3.72,3.79,3.62,3.65,170447
3-May-16,4.01,4.06,3.70,3.73,164869
2-May-16,4.20,4.22,4.03,4.03,132020
29-Apr-16,4.03,4.22,4.01,4.13,188346
28-Apr-16,3.87,4.04,3.86,3.97,172111
27-Apr-16,3.82,3.93,3.79,3.86,109457
26-Apr-16,3.83,3.89,3.75,3.80,82961
25-Apr-16,3.85,3.95,3.75,3.78,61667
22-Apr-16,3.99,4.07,3.82,3.89,109877
21-Apr-16,3.96,4.05,3.92,4.01,114620
20-Apr-16,3.98,4.04,3.91,3.94,92933
19-Apr-16,3.75,3.99,3.75,3.90,160712
18-Apr-16,3.80,3.88,3.74,3.75,131871
15-Apr-16,3.90,3.95,3.75,3.76,114892
14-Apr-16,4.13,4.21,3.90,3.94,52549
13-Apr-16,4.12,4.24,4.04,4.10,90761
12-Apr-16,4.16,4.24,4.06,4.15,109091
11-Apr-16,4.00,4.20,3.98,4.13,147097
8-Apr-16,3.90,4.04,3.84,3.97,237522
7-Apr-16,3.96,4.01,3.81,3.91,166878
6-Apr-16,3.80,3.94,3.80,3.85,130421
5-Apr-16,3.82,3.95,3.75,3.80,83044
4-Apr-16,3.93,4.06,3.76,3.78,102257
1-Apr-16,3.88,4.09,3.86,3.90,276136
31-Mar-16,4.02,4.10,3.94,3.95,110534
30-Mar-16,4.18,4.18,3.94,3.98,93337
29-Mar-16,4.05,4.25,3.88,4.17,113995
28-Mar-16,3.94,4.01,3.79,3.99,71950
24-Mar-16,3.91,4.04,3.80,3.92,70946
23-Mar-16,3.84,3.97,3.72,3.91,109357
22-Mar-16,3.76,3.91,3.70,3.84,188850
21-Mar-16,3.78,3.80,3.56,3.67,105164
18-Mar-16,3.71,3.80,3.61,3.78,187507
17-Mar-16,3.79,3.81,3.60,3.68,131625
16-Mar-16,3.60,3.80,3.51,3.74,110823
15-Mar-16,3.64,3.64,3.50,3.63,110374
14-Mar-16,3.77,3.89,3.65,3.65,97518
11-Mar-16,3.71,3.78,3.62,3.76,107310
10-Mar-16,3.60,3.72,3.59,3.67,156985
9-Mar-16,3.56,3.65,3.52,3.54,99927
8-Mar-16,3.69,3.76,3.54,3.56,85522
7-Mar-16,3.70,3.80,3.62,3.67,334623
4-Mar-16,3.75,3.77,3.65,3.67,266896
3-Mar-16,3.62,3.87,3.60,3.74,186578
2-Mar-16,3.60,3.71,3.48,3.61,241310
1-Mar-16,3.58,3.72,3.55,3.60,194624
29-Feb-16,3.75,3.94,3.51,3.60,242714
26-Feb-16,4.39,4.45,3.70,3.75,262978
25-Feb-16,4.40,4.60,4.35,4.37,112180
24-Feb-16,4.71,4.90,4.46,4.60,127973
23-Feb-16,4.74,4.99,4.60,4.61,185678
22-Feb-16,4.68,4.80,4.64,4.74,51159
19-Feb-16,4.64,4.85,4.62,4.68,88855
18-Feb-16,4.43,4.69,4.41,4.66,88702
17-Feb-16,4.52,4.62,4.40,4.46,78788
16-Feb-16,4.83,4.83,4.50,4.52,149452
12-Feb-16,4.85,4.95,4.53,4.70,194602
11-Feb-16,4.80,4.80,4.29,4.60,195132
10-Feb-16,4.10,4.49,4.01,4.21,223585
9-Feb-16,3.95,4.15,3.93,4.07,166081
8-Feb-16,3.80,4.03,3.72,3.93,210155
5-Feb-16,3.95,4.23,3.64,3.75,248670
4-Feb-16,3.45,3.93,3.44,3.91,149591
3-Feb-16,3.39,3.45,3.31,3.40,80834
2-Feb-16,3.42,3.53,3.33,3.40,82605
1-Feb-16,3.45,3.53,3.36,3.42,58551
29-Jan-16,3.43,3.48,3.26,3.41,87241
28-Jan-16,3.32,3.45,3.30,3.38,76699
27-Jan-16,3.42,3.45,3.31,3.35,55392
26-Jan-16,3.34,3.47,3.26,3.45,54643
25-Jan-16,3.22,3.52,3.22,3.30,108436
22-Jan-16,3.25,3.26,3.20,3.21,76127
21-Jan-16,3.29,3.35,3.25,3.28,56421
20-Jan-16,3.28,3.35,3.19,3.28,35312
19-Jan-16,3.23,3.36,3.22,3.27,74984
15-Jan-16,3.24,3.30,3.17,3.23,75775
14-Jan-16,3.35,3.36,3.12,3.27,111569
13-Jan-16,3.42,3.50,3.26,3.29,54093
12-Jan-16,3.56,3.56,3.44,3.46,66976
11-Jan-16,3.45,3.55,3.45,3.46,50286
8-Jan-16,3.57,3.60,3.45,3.48,33174
7-Jan-16,3.46,3.68,3.46,3.54,47469
6-Jan-16,3.48,3.55,3.45,3.46,70114
5-Jan-16,3.47,3.51,3.45,3.50,47139
4-Jan-16,3.47,3.56,3.47,3.53,70078
31-Dec-15,3.48,3.56,3.45,3.51,32419
30-Dec-15,3.53,3.68,3.50,3.54,86304
29-Dec-15,3.54,3.69,3.43,3.52,90789
28-Dec-15,3.57,3.69,3.50,3.51,82047
24-Dec-15,3.52,3.60,3.49,3.56,12174
23-Dec-15,3.50,3.56,3.50,3.50,24943
22-Dec-15,3.75,3.75,3.50,3.50,40962
21-Dec-15,3.51,3.58,3.43,3.53,25429
18-Dec-15,3.46,3.60,3.40,3.51,55944
17-Dec-15,3.59,3.59,3.43,3.51,18047
16-Dec-15,3.55,3.88,3.35,3.51,70908
15-Dec-15,3.65,3.65,3.04,3.42,89321
14-Dec-15,3.67,3.75,3.39,3.58,69040
11-Dec-15,3.71,3.78,3.58,3.64,39734
10-Dec-15,3.68,3.88,3.68,3.77,17941
9-Dec-15,3.68,3.79,3.58,3.66,38197
8-Dec-15,3.70,3.78,3.67,3.68,24012
7-Dec-15,3.72,3.83,3.69,3.69,22602
4-Dec-15,3.80,3.95,3.69,3.78,31836
3-Dec-15,3.75,3.85,3.75,3.80,18307
2-Dec-15,3.75,3.81,3.75,3.78,11684
1-Dec-15,3.89,3.89,3.69,3.82,48266
30-Nov-15,3.81,3.92,3.81,3.86,13321
27-Nov-15,3.84,3.87,3.84,3.87,2703
25-Nov-15,3.92,3.93,3.86,3.86,7780
24-Nov-15,3.76,3.93,3.76,3.90,21535
23-Nov-15,3.80,3.96,3.77,3.89,32260
20-Nov-15,3.99,4.02,3.80,3.82,41578
19-Nov-15,3.85,4.00,3.85,3.97,104816
18-Nov-15,3.82,3.86,3.58,3.81,110401
17-Nov-15,3.96,3.96,3.80,3.84,49647
16-Nov-15,3.92,3.99,3.81,3.92,20962
13-Nov-15,3.98,4.00,3.86,3.93,22100
12-Nov-15,3.85,3.98,3.85,3.94,29537
11-Nov-15,3.90,3.90,3.80,3.85,39735
10-Nov-15,3.85,3.96,3.75,3.81,66049
9-Nov-15,4.07,4.07,3.79,3.90,68000
6-Nov-15,3.99,4.05,3.82,3.89,84943
5-Nov-15,4.05,4.05,3.95,4.01,24289
4-Nov-15,4.12,4.12,3.94,4.03,42129
3-Nov-15,4.22,4.22,4.02,4.05,21922
2-Nov-15,4.21,4.23,4.02,4.10,41652
30-Oct-15,4.11,4.12,4.03,4.07,32450
29-Oct-15,4.29,4.29,4.01,4.11,49914
28-Oct-15,4.10,4.36,4.08,4.24,135915
27-Oct-15,4.00,4.10,3.87,4.03,49923
26-Oct-15,4.14,4.26,3.93,3.98,67833
23-Oct-15,4.10,4.11,4.05,4.05,15197
22-Oct-15,4.06,4.17,4.01,4.06,41412
21-Oct-15,4.01,4.13,3.98,4.00,36051
20-Oct-15,4.10,4.15,3.95,4.07,36630
19-Oct-15,4.37,4.40,4.02,4.03,117794
16-Oct-15,4.34,4.43,4.29,4.33,21004
15-Oct-15,4.39,4.46,4.35,4.46,19882
14-Oct-15,4.12,4.50,4.12,4.40,43144
13-Oct-15,4.10,4.20,4.01,4.11,41905
12-Oct-15,4.35,4.38,4.18,4.18,40749
9-Oct-15,4.33,4.55,4.13,4.30,136825
8-Oct-15,4.55,4.55,4.25,4.40,67054
7-Oct-15,4.35,4.39,4.24,4.39,27136
6-Oct-15,4.39,4.39,4.20,4.33,53711
5-Oct-15,4.30,4.37,4.24,4.35,109339
2-Oct-15,4.09,4.24,4.01,4.24,174399
1-Oct-15,3.90,3.93,3.79,3.93,25353
30-Sep-15,3.79,3.89,3.71,3.83,48462
29-Sep-15,3.74,3.80,3.58,3.70,87465
28-Sep-15,3.86,3.93,3.72,3.74,72804
25-Sep-15,4.10,4.12,3.88,3.94,79187
24-Sep-15,4.25,4.32,3.98,4.05,92375
23-Sep-15,4.33,4.34,4.16,4.22,34962
22-Sep-15,4.16,4.26,3.93,4.24,82491
21-Sep-15,4.54,4.54,4.18,4.25,85506
18-Sep-15,4.90,5.04,4.27,4.27,447015
17-Sep-15,4.90,4.95,4.89,4.90,42050
16-Sep-15,4.90,4.90,4.83,4.90,40609
15-Sep-15,4.67,4.90,4.62,4.84,29384
14-Sep-15,4.60,4.75,4.60,4.75,53483
11-Sep-15,4.73,4.73,4.55,4.69,45207
10-Sep-15,4.68,4.75,4.41,4.75,45548
9-Sep-15,4.73,4.75,4.55,4.66,39928
8-Sep-15,4.29,4.75,4.29,4.64,79169
4-Sep-15,4.24,4.30,4.20,4.25,7747
3-Sep-15,4.25,4.40,4.11,4.29,131766
2-Sep-15,4.26,4.29,4.23,4.27,9615
1-Sep-15,4.36,4.43,4.30,4.32,5662
31-Aug-15,4.39,4.40,4.32,4.34,10572
28-Aug-15,4.33,4.45,4.30,4.37,39862
27-Aug-15,4.50,4.81,4.26,4.34,26651
26-Aug-15,4.42,4.94,4.23,4.31,52086
25-Aug-15,4.75,4.88,4.50,4.52,27534
24-Aug-15,4.94,5.00,4.55,4.69,46428
21-Aug-15,4.92,5.00,4.92,4.97,26617
20-Aug-15,5.10,5.13,4.79,4.92,89026
19-Aug-15,5.25,5.27,5.05,5.15,13668
18-Aug-15,5.35,5.35,5.23,5.30,8480
17-Aug-15,5.47,5.50,5.22,5.35,18977
14-Aug-15,5.24,5.48,5.20,5.48,30078
13-Aug-15,5.10,5.29,5.03,5.29,18123
12-Aug-15,5.27,5.27,4.84,5.09,46482
11-Aug-15,5.20,5.20,4.96,5.20,35246
10-Aug-15,5.19,5.19,5.00,5.05,48079
7-Aug-15,4.93,5.20,4.54,5.07,156765
6-Aug-15,4.73,4.95,4.71,4.71,9883
5-Aug-15,4.97,4.97,4.75,4.75,34207
4-Aug-15,5.16,5.24,4.80,5.07,25804
3-Aug-15,5.00,5.10,4.95,5.09,21005
31-Jul-15,5.00,5.18,4.90,4.93,10695
30-Jul-15,5.00,5.19,4.65,5.00,60502
29-Jul-15,4.75,4.90,4.61,4.90,43383
28-Jul-15,4.45,4.79,4.30,4.68,62611
27-Jul-15,4.31,4.48,4.00,4.37,96544
24-Jul-15,4.40,4.40,3.60,4.31,338392
23-Jul-15,4.75,4.75,4.15,4.30,119613
22-Jul-15,4.80,4.90,4.41,4.72,109301
21-Jul-15,4.90,5.20,4.70,4.87,39681
20-Jul-15,5.57,5.57,4.85,4.97,65268
17-Jul-15,5.69,5.84,5.50,5.53,26833
16-Jul-15,5.80,5.89,5.75,5.81,12344
15-Jul-15,5.75,5.85,5.56,5.81,25517
14-Jul-15,5.44,5.72,5.44,5.64,15395
13-Jul-15,5.95,5.95,5.44,5.55,28568
10-Jul-15,5.85,5.85,5.59,5.64,36673
9-Jul-15,5.70,5.78,5.70,5.71,19622
8-Jul-15,5.80,5.80,5.65,5.70,20652
7-Jul-15,5.85,5.98,5.74,5.76,41489
6-Jul-15,6.15,6.15,5.71,5.79,35987
2-Jul-15,5.80,5.83,5.75,5.81,24542
1-Jul-15,5.80,5.85,5.75,5.77,38373
30-Jun-15,5.80,5.80,5.73,5.73,35861
29-Jun-15,5.90,5.90,5.75,5.81,20840
26-Jun-15,5.62,6.00,5.60,5.85,19727
25-Jun-15,5.70,5.75,5.60,5.64,42633
24-Jun-15,5.84,5.94,5.72,5.78,16643
23-Jun-15,6.00,6.03,5.60,5.75,64602
22-Jun-15,6.05,6.06,6.00,6.00,3303
19-Jun-15,5.85,6.20,5.85,6.09,25041
18-Jun-15,6.00,6.25,5.85,5.92,4436
17-Jun-15,5.85,5.94,5.67,5.94,13555
16-Jun-15,5.85,5.94,5.67,5.85,6722
15-Jun-15,5.76,6.12,5.76,5.94,3678
12-Jun-15,5.93,6.03,5.80,5.85,9889
11-Jun-15,6.03,6.03,5.76,6.03,30734
10-Jun-15,5.94,6.12,5.94,5.94,6260
9-Jun-15,6.28,6.28,5.92,5.92,15455
8-Jun-15,6.21,6.28,6.14,6.14,6599
5-Jun-15,6.28,6.28,6.03,6.21,16036
4-Jun-15,6.08,6.28,5.98,6.28,7609
3-Jun-15,6.21,6.21,6.03,6.21,7688
2-Jun-15,5.75,6.30,5.75,6.26,42372
1-Jun-15,5.94,6.10,5.69,5.78,16242
29-May-15,5.71,6.03,5.71,5.91,14051
28-May-15,5.97,6.08,5.74,5.94,17996
27-May-15,6.10,6.10,5.97,6.03,2025
26-May-15,5.96,6.03,5.89,6.03,5988
22-May-15,6.07,6.07,5.89,5.94,5549
21-May-15,5.98,6.12,5.98,6.10,7846
20-May-15,6.12,6.12,5.98,6.03,1898
19-May-15,5.98,6.12,5.98,6.11,6965
18-May-15,6.03,6.28,5.94,5.98,10394
15-May-15,5.94,6.12,5.94,6.12,8081
14-May-15,5.98,6.03,5.81,6.03,5434
13-May-15,5.92,6.03,5.81,5.98,5203
12-May-15,6.07,6.25,5.83,5.89,11869
11-May-15,5.76,6.03,5.76,6.01,7295
8-May-15,5.75,5.91,5.67,5.90,19846
7-May-15,5.87,5.94,5.60,5.80,37064
6-May-15,5.94,6.08,5.80,5.94,7208
5-May-15,5.87,6.12,5.81,6.03,8666
4-May-15,5.94,6.12,5.87,5.87,11105
1-May-15,6.01,6.07,5.85,5.94,8044
30-Apr-15,6.03,6.12,5.85,6.01,13385
29-Apr-15,6.03,6.26,5.94,6.07,53933
28-Apr-15,6.12,6.21,5.89,6.03,67074
27-Apr-15,6.21,6.43,6.07,6.12,41238
24-Apr-15,6.57,6.57,6.04,6.28,61981
23-Apr-15,6.44,6.57,6.32,6.39,32730
22-Apr-15,6.57,6.66,6.28,6.38,24006
21-Apr-15,6.30,6.55,6.12,6.36,34399
20-Apr-15,6.30,6.30,6.12,6.30,13635
17-Apr-15,6.32,6.48,5.94,6.30,55030
16-Apr-15,6.76,6.76,6.32,6.48,36781
15-Apr-15,6.52,6.62,6.52,6.57,11078
14-Apr-15,6.88,6.98,6.44,6.52,51532
13-Apr-15,6.91,7.02,6.84,6.98,16233
10-Apr-15,6.97,7.00,6.84,7.00,11530
9-Apr-15,6.97,6.97,6.84,6.93,19464
8-Apr-15,6.91,7.02,6.84,6.95,30873
7-Apr-15,6.98,7.02,6.84,6.86,15634
6-Apr-15,6.82,6.95,6.66,6.89,78052
2-Apr-15,6.62,6.62,6.39,6.57,5922
1-Apr-15,6.44,6.62,6.39,6.62,13653
31-Mar-15,6.66,6.66,6.39,6.48,10070
30-Mar-15,6.75,6.75,6.41,6.66,6207
27-Mar-15,6.68,6.70,6.54,6.66,6580
26-Mar-15,6.53,7.02,6.53,6.66,6323
25-Mar-15,6.52,6.62,6.39,6.62,12570
24-Mar-15,6.39,6.57,6.39,6.48,19467
23-Mar-15,6.48,6.57,6.39,6.39,22700
20-Mar-15,6.50,6.53,6.39,6.48,58437
19-Mar-15,6.50,6.62,6.37,6.50,26157
18-Mar-15,6.48,6.57,6.21,6.50,24326
17-Mar-15,6.30,6.62,6.30,6.52,20342
16-Mar-15,6.21,6.48,6.12,6.46,21706
13-Mar-15,6.48,6.62,6.17,6.57,44010
12-Mar-15,6.30,6.48,6.26,6.48,14630
11-Mar-15,6.48,6.57,6.00,6.21,42307
10-Mar-15,6.82,6.84,6.34,6.46,99431
9-Mar-15,6.86,7.00,6.57,6.79,24503
6-Mar-15,7.38,7.38,6.75,6.93,105485
5-Mar-15,7.11,7.34,7.03,7.13,48680
4-Mar-15,7.34,7.34,6.93,7.11,45195
3-Mar-15,7.18,7.27,7.02,7.27,90925
2-Mar-15,7.20,7.20,6.82,6.93,88729
27-Feb-15,7.16,7.20,6.86,7.20,40168
26-Feb-15,7.18,7.45,6.84,7.20,101276
25-Feb-15,6.57,7.29,6.50,7.11,201316
24-Feb-15,6.48,6.57,6.48,6.52,14499
23-Feb-15,6.43,6.57,6.30,6.48,53103
20-Feb-15,6.21,6.57,6.21,6.48,49170
19-Feb-15,6.55,6.62,6.21,6.30,52900
18-Feb-15,6.39,6.57,6.39,6.39,34569
17-Feb-15,6.57,6.64,6.39,6.55,55861
13-Feb-15,6.66,6.66,6.34,6.57,91302
12-Feb-15,6.57,6.75,6.30,6.52,114714
11-Feb-15,5.72,6.71,5.58,6.48,258542
10-Feb-15,5.67,5.67,5.49,5.56,23663
9-Feb-15,5.76,5.76,5.53,5.58,32207
6-Feb-15,5.63,5.67,5.49,5.67,14047
5-Feb-15,5.92,5.92,5.56,5.58,80767
4-Feb-15,6.03,6.03,5.78,5.92,27707
3-Feb-15,5.76,6.12,5.69,5.94,15231
2-Feb-15,6.03,6.03,5.67,5.94,14588
30-Jan-15,5.85,6.03,5.76,6.03,30098
29-Jan-15,5.85,6.21,5.85,6.18,67971
28-Jan-15,5.90,6.03,5.42,5.43,13531
27-Jan-15,5.97,6.12,5.87,5.94,25838
26-Jan-15,6.12,6.14,5.94,6.10,17498
23-Jan-15,6.07,6.12,6.03,6.12,25328
22-Jan-15,6.12,6.21,6.07,6.12,34538
21-Jan-15,6.21,6.21,5.98,6.21,33724
20-Jan-15,5.67,6.30,5.67,6.14,69433
16-Jan-15,5.40,5.56,5.40,5.49,9232
15-Jan-15,5.40,5.56,5.31,5.49,11259
14-Jan-15,5.58,5.58,5.22,5.31,12523
13-Jan-15,5.40,5.49,5.22,5.31,5397
12-Jan-15,5.31,5.54,5.29,5.31,7319
9-Jan-15,5.24,5.56,5.24,5.48,4169
8-Jan-15,5.40,5.40,5.22,5.22,13128
7-Jan-15,5.22,5.49,5.22,5.27,11514
6-Jan-15,5.24,5.49,5.13,5.22,4482
5-Jan-15,5.49,5.58,5.22,5.24,8183
2-Jan-15,5.40,5.54,5.04,5.49,26517
31-Dec-14,5.04,5.26,4.90,5.22,11324
30-Dec-14,4.86,5.04,4.86,5.04,6607
29-Dec-14,5.22,5.22,4.72,4.86,15640
26-Dec-14,5.22,5.22,4.95,5.04,5839
24-Dec-14,4.95,5.22,4.95,5.22,3507
23-Dec-14,5.00,5.04,4.95,5.04,8471
22-Dec-14,4.97,5.18,4.97,5.04,9433
19-Dec-14,5.22,5.22,4.97,5.04,6059
18-Dec-14,5.17,5.22,4.97,5.22,8736
17-Dec-14,4.95,5.17,4.90,5.17,4673
16-Dec-14,4.90,5.22,4.90,4.95,5977
15-Dec-14,4.86,5.02,4.86,5.02,9256
12-Dec-14,5.13,5.13,4.72,5.02,17221
11-Dec-14,5.22,5.22,4.99,5.20,9073
10-Dec-14,4.95,5.04,4.95,4.97,20724
9-Dec-14,5.04,5.13,4.95,5.04,11401
8-Dec-14,5.11,5.22,4.95,5.04,18786
5-Dec-14,5.22,5.22,5.11,5.22,6444
4-Dec-14,5.17,5.31,5.13,5.22,4160
3-Dec-14,5.22,5.35,5.04,5.18,21236
2-Dec-14,5.22,5.40,5.20,5.40,2819
1-Dec-14,5.22,5.31,5.04,5.22,24125
28-Nov-14,5.13,5.36,5.08,5.22,18455
26-Nov-14,5.15,5.40,5.06,5.36,4045
25-Nov-14,5.27,5.54,5.06,5.15,51306
24-Nov-14,5.53,5.54,5.27,5.38,7413
21-Nov-14,5.40,5.54,5.31,5.54,7256
20-Nov-14,5.22,5.49,5.22,5.32,8476
19-Nov-14,5.37,5.40,5.22,5.22,8436
18-Nov-14,5.44,5.44,5.17,5.31,24326
17-Nov-14,5.33,5.54,5.24,5.38,18203
14-Nov-14,5.24,5.49,5.24,5.49,22292
13-Nov-14,5.29,5.31,5.22,5.26,21423
12-Nov-14,5.22,5.49,5.22,5.31,37383
11-Nov-14,5.22,5.40,5.08,5.36,15805
10-Nov-14,5.27,5.54,5.20,5.54,11248
7-Nov-14,5.20,5.35,5.06,5.26,33552
6-Nov-14,5.40,5.40,4.97,5.21,65486
5-Nov-14,5.67,5.67,5.33,5.40,12481
4-Nov-14,5.67,5.67,5.49,5.51,14475
3-Nov-14,5.62,5.76,5.49,5.63,11582
31-Oct-14,5.85,5.85,5.47,5.66,17008
30-Oct-14,5.45,5.94,5.45,5.94,9388
29-Oct-14,5.49,5.62,5.49,5.62,12737
28-Oct-14,5.62,5.62,5.42,5.56,19726
27-Oct-14,5.58,5.62,5.40,5.58,25408
24-Oct-14,5.47,5.67,5.31,5.58,79408
23-Oct-14,5.49,5.51,4.68,5.40,364121
22-Oct-14,5.58,5.67,5.45,5.51,34194
21-Oct-14,5.58,5.58,5.38,5.58,36124
20-Oct-14,5.49,5.49,5.31,5.40,19060
17-Oct-14,5.40,5.40,5.27,5.40,11894
16-Oct-14,5.36,5.40,5.35,5.35,13124
15-Oct-14,5.40,5.49,5.40,5.42,57698
14-Oct-14,5.42,5.42,5.32,5.36,30229
13-Oct-14,5.40,5.49,5.35,5.40,15668
10-Oct-14,5.35,5.45,5.35,5.40,42712
9-Oct-14,5.49,5.58,5.27,5.36,180562
8-Oct-14,5.69,5.83,5.27,5.43,156570
7-Oct-14,5.63,5.76,5.60,5.76,8199
6-Oct-14,5.58,5.76,5.54,5.72,17683
3-Oct-14,5.49,5.76,5.49,5.49,16644
2-Oct-14,5.76,5.76,5.49,5.58,20929
1-Oct-14,5.58,5.94,5.56,5.67,36326
30-Sep-14,5.62,5.83,5.58,5.58,7499
29-Sep-14,5.94,5.94,5.62,5.69,2927
26-Sep-14,5.67,5.71,5.58,5.66,9229
25-Sep-14,5.62,5.74,5.58,5.67,18369
24-Sep-14,5.58,5.94,5.58,5.71,40443
23-Sep-14,5.44,5.58,5.44,5.49,10411
22-Sep-14,5.53,5.67,5.22,5.44,84710
19-Sep-14,5.94,5.94,5.58,5.58,74598
18-Sep-14,5.94,6.26,5.94,6.03,28476
17-Sep-14,5.85,6.12,5.85,5.94,30411
16-Sep-14,6.05,6.05,5.85,5.85,6453
15-Sep-14,5.94,6.21,5.76,5.89,18896
12-Sep-14,5.89,5.89,5.67,5.76,9135
11-Sep-14,5.89,5.94,5.49,5.78,465176
10-Sep-14,5.85,5.90,5.78,5.87,12155
9-Sep-14,5.83,5.85,5.78,5.85,3313
8-Sep-14,5.67,5.83,5.67,5.69,8094
5-Sep-14,5.69,5.76,5.67,5.76,7311
4-Sep-14,5.76,5.92,5.71,5.72,14241
3-Sep-14,5.76,5.76,5.69,5.76,4064
2-Sep-14,5.69,5.84,5.69,5.76,25413
29-Aug-14,5.75,5.76,5.58,5.67,17685
28-Aug-14,5.69,5.76,5.58,5.62,7825
27-Aug-14,5.76,5.80,5.67,5.70,53795
26-Aug-14,5.80,5.85,5.60,5.76,18310
25-Aug-14,5.93,6.11,5.78,5.85,11075
22-Aug-14,5.94,5.94,5.78,5.94,6505
21-Aug-14,5.76,5.94,5.58,5.94,26746
20-Aug-14,5.76,5.89,5.67,5.67,6796
19-Aug-14,5.92,5.96,5.67,5.67,32535
18-Aug-14,5.96,6.12,5.85,5.92,16891
15-Aug-14,6.12,6.12,5.96,5.98,6449
14-Aug-14,5.94,6.12,5.94,6.02,8247
13-Aug-14,6.09,6.12,5.80,5.94,23368
12-Aug-14,5.99,6.09,5.96,5.99,77870
11-Aug-14,6.12,6.12,6.00,6.10,18464
8-Aug-14,6.12,6.14,6.07,6.12,14129
7-Aug-14,6.10,6.17,6.05,6.12,8688
6-Aug-14,6.19,6.19,6.12,6.12,12403
5-Aug-14,6.16,6.19,6.03,6.12,51036
4-Aug-14,6.21,6.21,6.12,6.12,10434
1-Aug-14,6.28,6.28,6.03,6.21,19849
31-Jul-14,6.19,6.30,6.12,6.30,41764
30-Jul-14,6.12,6.12,6.03,6.07,5815
29-Jul-14,6.21,6.21,6.07,6.12,14689
28-Jul-14,6.30,6.30,6.16,6.21,5166
25-Jul-14,6.14,6.21,6.12,6.21,30646
24-Jul-14,6.16,6.26,6.12,6.19,21374
23-Jul-14,6.16,6.21,6.16,6.16,12032
22-Jul-14,6.17,6.30,6.16,6.21,31962
21-Jul-14,6.17,6.30,6.16,6.21,18065
18-Jul-14,6.21,6.23,6.16,6.16,22612
17-Jul-14,6.30,6.46,6.16,6.26,27017
16-Jul-14,6.30,6.30,6.16,6.28,17553
15-Jul-14,6.30,6.46,6.21,6.21,25682
14-Jul-14,6.25,6.37,6.21,6.30,15912
11-Jul-14,6.30,6.30,6.21,6.30,20902
10-Jul-14,6.42,6.48,6.23,6.25,21772
9-Jul-14,6.41,6.41,6.16,6.30,52437
8-Jul-14,6.50,6.66,6.39,6.48,11652
7-Jul-14,6.66,6.84,6.48,6.66,9923
3-Jul-14,6.48,6.64,6.43,6.64,8192
2-Jul-14,6.50,6.50,6.39,6.41,5828
1-Jul-14,6.48,6.64,6.39,6.48,8749
30-Jun-14,6.39,6.48,6.39,6.43,7199
27-Jun-14,6.57,6.73,6.39,6.48,5930
26-Jun-14,6.54,6.73,6.38,6.66,8534
25-Jun-14,6.48,6.57,6.32,6.52,7632
24-Jun-14,6.66,6.84,6.46,6.50,14586
23-Jun-14,6.51,6.66,6.30,6.66,24806
20-Jun-14,6.70,6.70,6.48,6.55,11034
19-Jun-14,6.39,6.70,6.32,6.48,59432
18-Jun-14,6.47,6.47,6.37,6.46,13536
17-Jun-14,6.50,6.50,6.37,6.48,6436
16-Jun-14,6.30,6.52,6.27,6.46,40174
13-Jun-14,6.30,6.46,6.30,6.34,22341
12-Jun-14,6.37,6.39,6.32,6.32,3818
11-Jun-14,6.30,6.37,6.30,6.37,2966
10-Jun-14,6.34,6.39,6.30,6.30,5920
9-Jun-14,6.39,6.41,6.28,6.38,9220
6-Jun-14,6.32,6.48,6.32,6.48,4818
5-Jun-14,6.39,6.48,6.30,6.37,20681
4-Jun-14,6.39,6.48,6.34,6.48,21944
3-Jun-14,6.48,6.48,6.28,6.42,24119
2-Jun-14,6.34,6.48,6.28,6.39,20113
30-May-14,6.48,6.48,6.30,6.34,13485
29-May-14,6.39,6.48,6.39,6.48,25159
28-May-14,6.35,6.48,6.21,6.48,32817
27-May-14,6.39,6.48,6.30,6.30,48039
23-May-14,6.48,6.57,6.39,6.48,70054
22-May-14,6.46,6.57,6.34,6.48,21458
21-May-14,6.43,6.66,6.37,6.48,21407
20-May-14,6.62,6.62,6.41,6.48,41892
19-May-14,6.52,6.64,6.48,6.48,52724
16-May-14,6.56,6.62,6.50,6.58,5723
15-May-14,6.57,6.66,6.50,6.50,7127
14-May-14,6.48,6.66,6.48,6.66,32132
13-May-14,6.50,6.57,6.48,6.57,12117
12-May-14,6.59,6.75,6.48,6.57,46461
9-May-14,6.50,6.57,6.30,6.57,28454
8-May-14,6.66,6.66,6.35,6.50,35869
7-May-14,6.66,6.66,6.44,6.66,48876
6-May-14,6.66,6.82,6.66,6.75,13872
5-May-14,6.66,6.82,6.66,6.82,6483
2-May-14,6.66,6.75,6.66,6.75,15467
1-May-14,6.75,6.75,6.66,6.75,19454
30-Apr-14,6.66,6.84,6.66,6.75,34065
29-Apr-14,6.77,6.84,6.68,6.68,32975
28-Apr-14,6.75,6.91,6.73,6.75,24960
25-Apr-14,6.84,6.93,6.84,6.91,2718
24-Apr-14,6.84,6.93,6.80,6.84,18765
23-Apr-14,6.88,6.93,6.84,6.93,13559
22-Apr-14,6.88,6.93,6.80,6.93,32470
21-Apr-14,6.93,6.93,6.77,6.77,12167
17-Apr-14,6.84,7.02,6.77,7.02,19405
16-Apr-14,6.84,6.93,6.84,6.91,22401
15-Apr-14,6.88,7.00,6.77,7.00,25708
14-Apr-14,6.84,7.11,6.84,7.00,50688
11-Apr-14,7.02,7.02,6.88,7.02,9717
10-Apr-14,7.02,7.02,6.98,7.02,11774
9-Apr-14,6.88,7.11,6.88,7.02,38067
8-Apr-14,6.98,7.02,6.86,7.00,41001
7-Apr-14,7.16,7.18,6.98,7.02,21894
4-Apr-14,6.97,7.20,6.89,7.16,86501
3-Apr-14,7.02,7.07,6.89,6.93,36276
2-Apr-14,6.93,7.07,6.89,7.02,29073
1-Apr-14,7.20,7.20,6.84,6.93,21295
31-Mar-14,7.24,7.24,6.79,7.11,140895
28-Mar-14,6.89,7.07,6.88,7.06,5952
27-Mar-14,6.89,7.10,6.88,7.02,12035
26-Mar-14,7.02,7.02,6.89,6.89,7234
25-Mar-14,6.97,7.13,6.84,7.07,27207
24-Mar-14,7.18,7.18,6.97,7.02,13574
21-Mar-14,7.20,7.20,6.97,7.20,23606
20-Mar-14,7.02,7.20,7.02,7.20,16220
19-Mar-14,7.20,7.29,7.02,7.16,14097
18-Mar-14,7.02,7.38,6.93,7.38,28630
17-Mar-14,7.20,7.27,7.02,7.02,21083
14-Mar-14,7.20,7.29,7.13,7.25,13445
13-Mar-14,7.26,7.33,7.11,7.20,22147
12-Mar-14,7.38,7.74,7.11,7.22,75480
11-Mar-14,7.25,7.29,7.07,7.20,47298
10-Mar-14,7.20,7.29,7.04,7.20,33586
7-Mar-14,7.33,7.33,7.11,7.16,15646
6-Mar-14,7.38,7.38,7.21,7.21,18638
5-Mar-14,7.11,7.54,6.95,7.38,40943
4-Mar-14,7.04,7.11,6.97,7.11,13384
3-Mar-14,7.02,7.15,7.02,7.11,23974
28-Feb-14,7.11,7.18,7.02,7.02,8554
27-Feb-14,6.93,7.15,6.84,7.15,16468
26-Feb-14,7.20,7.20,6.93,6.95,17826
25-Feb-14,7.20,7.20,7.09,7.16,7234
24-Feb-14,7.38,7.38,7.18,7.20,19640
21-Feb-14,7.25,7.25,7.02,7.24,71416
20-Feb-14,7.33,7.33,7.07,7.25,19663
19-Feb-14,7.16,7.47,7.15,7.20,30634
18-Feb-14,7.38,7.38,7.07,7.20,25213
14-Feb-14,7.38,7.47,6.84,7.25,76536
13-Feb-14,6.70,7.47,6.66,7.47,187815
12-Feb-14,6.70,6.73,6.61,6.61,32532
11-Feb-14,6.73,6.75,6.61,6.70,25444
10-Feb-14,6.57,6.73,6.57,6.59,13812
7-Feb-14,6.75,6.75,6.61,6.71,24914
6-Feb-14,6.61,6.75,6.57,6.71,23495
5-Feb-14,6.75,6.75,6.61,6.61,17696
4-Feb-14,6.80,6.93,6.70,6.75,18733
3-Feb-14,6.93,6.93,6.77,6.93,13465
31-Jan-14,6.84,6.93,6.75,6.79,19431
30-Jan-14,7.07,7.11,6.79,6.93,30789
29-Jan-14,6.80,7.31,6.71,7.02,269269
28-Jan-14,6.79,6.84,6.66,6.80,23686
27-Jan-14,6.66,6.93,6.57,6.82,68197
24-Jan-14,6.48,6.57,6.43,6.50,24774
23-Jan-14,6.53,6.57,6.52,6.53,34566
22-Jan-14,6.48,6.71,6.48,6.53,22557
21-Jan-14,6.66,6.66,6.48,6.57,19088
17-Jan-14,6.48,6.70,6.48,6.66,71877
16-Jan-14,6.48,6.56,6.34,6.53,18488
15-Jan-14,6.48,6.56,6.30,6.54,26018
14-Jan-14,6.21,6.57,6.16,6.48,186309
13-Jan-14,6.36,6.36,6.28,6.28,4812
10-Jan-14,6.23,6.34,6.23,6.34,12511
9-Jan-14,6.42,6.47,6.21,6.30,21948
8-Jan-14,6.40,6.47,6.30,6.43,24172
7-Jan-14,6.52,6.71,6.39,6.40,8993
6-Jan-14,6.55,6.84,6.30,6.57,50087
3-Jan-14,6.30,6.55,6.26,6.50,37473
2-Jan-14,6.14,6.30,6.12,6.30,44270
31-Dec-13,6.30,6.30,5.94,6.16,61988
29-Aug-13,7.20,7.20,6.39,6.76,104293
28-Aug-13,7.38,7.38,7.02,7.04,82453
27-Aug-13,7.02,7.56,6.84,7.02,276341
26-Aug-13,6.30,6.61,6.21,6.57,37976
23-Aug-13,6.39,6.48,6.12,6.30,54888
22-Aug-13,6.10,6.48,6.10,6.48,19871
21-Aug-13,6.21,6.30,6.10,6.12,30714
1-Mar-13,6.08,6.39,6.08,6.39,1249
28-Feb-13,6.03,6.39,6.03,6.08,4668
27-Feb-13,6.12,6.30,6.12,6.12,1786
26-Feb-13,6.03,6.28,5.76,6.12,2236
25-Feb-13,6.48,6.48,6.03,6.30,3022
22-Feb-13,6.62,6.62,5.98,6.12,2261
21-Feb-13,6.12,6.62,5.76,5.76,11844
20-Feb-13,6.48,6.48,5.67,6.12,9182
19-Feb-13,6.75,7.11,6.30,6.32,12801
15-Feb-13,6.66,6.66,6.30,6.30,9532
14-Feb-13,6.84,6.84,6.84,6.84,1447
13-Feb-13,6.61,7.02,6.57,6.84,7033
12-Feb-13,6.57,6.62,6.30,6.48,10146
11-Feb-13,6.93,7.02,6.39,6.84,12574
8-Feb-13,6.84,6.84,6.75,6.80,4902
7-Feb-13,6.93,7.11,6.68,6.84,14540
6-Feb-13,6.84,7.18,6.75,6.93,48310
5-Feb-13,6.66,6.84,6.57,6.75,19025
4-Feb-13,6.12,6.66,6.12,6.66,11107
1-Feb-13,5.85,6.30,5.85,6.12,19080
31-Jan-13,6.66,6.73,5.76,5.85,26729
30-Jan-13,6.93,6.93,6.62,6.66,33259
29-Jan-13,6.98,7.00,6.66,6.93,37612
28-Jan-13,6.75,7.00,5.94,7.00,36027
25-Jan-13,5.94,7.02,5.76,6.64,68676
24-Jan-13,5.58,6.03,4.82,5.76,40098
23-Jan-13,5.58,5.94,5.42,5.58,15558
22-Jan-13,6.03,6.39,5.76,5.94,45783
18-Jan-13,6.21,6.30,5.40,6.03,27570
17-Jan-13,6.26,6.66,5.85,5.85,70311
16-Jan-13,5.58,6.30,5.58,6.16,56643
15-Jan-13,5.22,5.49,4.86,5.49,53187
14-Jan-13,5.22,5.31,5.04,5.31,10222
11-Jan-13,5.02,5.22,5.02,5.06,1971
10-Jan-13,4.68,5.22,4.68,5.22,11235
8-Jan-13,4.50,4.73,4.50,4.63,4070
7-Jan-13,4.64,4.68,4.59,4.68,1939
4-Jan-13,4.43,4.63,4.30,4.63,5276
3-Jan-13,4.95,4.95,4.86,4.88,828
2-Jan-13,4.86,5.13,4.68,5.04,11891
31-Dec-12,4.77,5.04,4.59,5.04,5022
28-Dec-12,4.64,4.86,4.59,4.77,18079
27-Dec-12,4.86,4.86,4.68,4.68,3556
26-Dec-12,4.50,4.86,4.50,4.86,19303
24-Dec-12,4.95,4.95,4.68,4.68,8076
21-Dec-12,5.02,5.04,4.68,4.95,5784
20-Dec-12,4.68,4.86,4.64,4.77,8778
19-Dec-12,4.77,4.77,4.77,4.77,139
18-Dec-12,4.68,4.68,4.52,4.52,1083
17-Dec-12,4.81,4.86,4.50,4.50,3228
14-Dec-12,4.59,4.77,4.50,4.68,29092
13-Dec-12,4.32,4.77,4.32,4.77,12802
12-Dec-12,4.50,4.63,4.19,4.50,7342
11-Dec-12,3.96,4.41,3.60,4.41,3354
10-Dec-12,4.28,4.32,4.05,4.32,1750
7-Dec-12,4.30,4.30,4.28,4.28,282
4-Dec-12,4.23,4.23,4.14,4.14,149
3-Dec-12,4.34,4.50,4.34,4.50,1983
30-Nov-12,4.57,4.57,4.36,4.36,1672
29-Nov-12,4.36,4.57,4.36,4.41,1764
28-Nov-12,4.50,4.50,4.36,4.50,1111
27-Nov-12,4.34,4.50,4.34,4.50,2894
26-Nov-12,4.57,4.57,4.41,4.41,553
23-Nov-12,4.57,4.57,4.32,4.32,359
21-Nov-12,4.50,4.50,4.50,4.50,1528
20-Nov-12,4.50,4.68,4.50,4.68,3284
19-Nov-12,4.05,4.50,4.05,4.50,4978
16-Nov-12,3.96,3.96,3.69,3.96,4990
15-Nov-12,4.14,4.14,3.98,3.98,1111
14-Nov-12,4.14,4.32,3.78,4.32,14889
13-Nov-12,4.34,4.34,4.34,4.34,867
12-Nov-12,4.68,4.68,4.32,4.50,1389
9-Nov-12,4.66,4.86,4.14,4.86,10440
8-Nov-12,4.72,4.72,4.50,4.50,556
7-Nov-12,4.86,4.86,4.50,4.50,21373
6-Nov-12,4.50,4.86,4.50,4.86,8594
5-Nov-12,4.59,4.59,4.50,4.52,6833
2-Nov-12,4.61,4.63,4.50,4.63,2489
1-Nov-12,4.50,4.50,4.50,4.50,2249
31-Oct-12,4.59,4.75,4.50,4.50,36830
26-Oct-12,4.50,4.59,4.34,4.50,16850
25-Oct-12,4.32,4.68,4.32,4.50,23702
24-Oct-12,4.48,4.48,4.14,4.41,15194
23-Oct-12,4.33,4.41,3.98,4.41,5933
22-Oct-12,4.50,4.50,4.33,4.33,1750
19-Oct-12,4.50,4.59,4.50,4.50,28038
18-Oct-12,4.79,4.79,4.41,4.50,18061
17-Oct-12,4.32,4.41,4.25,4.41,1929
16-Oct-12,4.50,4.68,3.89,4.68,24514
15-Oct-12,4.68,4.82,3.78,4.50,16022
12-Oct-12,4.82,4.82,4.59,4.68,2000
11-Oct-12,4.72,4.82,4.68,4.68,5311
10-Oct-12,5.04,5.04,4.77,4.86,4550
9-Oct-12,5.04,5.04,4.86,4.86,12457
8-Oct-12,5.04,5.04,4.32,4.95,10492
5-Oct-12,4.86,5.04,4.68,4.86,17000
4-Oct-12,4.86,4.86,4.36,4.77,3442
3-Oct-12,4.34,4.86,4.34,4.34,2192
2-Oct-12,4.77,4.77,4.77,4.77,311
1-Oct-12,4.22,4.82,4.22,4.82,1214
28-Sep-12,4.72,4.77,4.50,4.50,1354
27-Sep-12,4.82,4.86,4.59,4.83,7414
26-Sep-12,4.50,4.84,4.18,4.84,5719
25-Sep-12,4.18,4.50,4.18,4.50,991
24-Sep-12,4.50,4.50,4.32,4.50,1528
21-Sep-12,4.86,4.86,4.50,4.77,7052
20-Sep-12,4.86,4.86,4.59,4.77,18829
19-Sep-12,4.68,5.22,4.50,4.86,46646
18-Sep-12,4.32,4.84,4.32,4.68,20906
17-Sep-12,4.14,4.66,4.14,4.32,19944
14-Sep-12,3.87,4.50,3.87,4.14,7914
13-Sep-12,3.51,4.03,3.51,4.03,6432
12-Sep-12,3.51,3.60,3.42,3.60,14500
11-Sep-12,3.42,3.60,3.42,3.60,6378
10-Sep-12,3.42,3.60,3.42,3.60,5271
7-Sep-12,3.42,3.42,3.42,3.42,5833
6-Sep-12,3.42,3.42,3.33,3.42,12083
5-Sep-12,3.42,3.47,3.33,3.47,5694
4-Sep-12,3.47,3.47,3.33,3.42,4586
31-Aug-12,3.42,3.51,3.42,3.42,2056
30-Aug-12,3.33,3.42,3.24,3.42,10364
29-Aug-12,3.26,3.33,3.15,3.15,8833
28-Aug-12,3.24,3.42,3.24,3.42,3444
27-Aug-12,3.42,3.42,2.56,3.24,17625
24-Aug-12,3.46,3.46,3.42,3.42,8400
23-Aug-12,3.78,3.96,3.46,3.46,7194
22-Aug-12,3.78,3.78,3.60,3.78,2950
21-Aug-12,4.05,4.05,3.47,3.60,6678
20-Aug-12,4.14,4.14,3.96,3.96,146
17-Aug-12,3.96,3.96,3.46,3.60,11698
16-Aug-12,3.69,3.96,3.69,3.69,4942
15-Aug-12,3.78,3.96,3.69,3.87,9278
14-Aug-12,3.96,3.96,3.69,3.78,3239
13-Aug-12,4.28,4.28,3.69,4.14,6917
10-Aug-12,4.14,4.14,3.60,3.87,16167
9-Aug-12,4.23,4.23,3.87,4.14,9222
8-Aug-12,4.05,4.32,3.96,4.14,14160
7-Aug-12,3.96,4.14,3.78,3.96,13447
6-Aug-12,3.87,3.96,3.78,3.96,2264
3-Aug-12,3.96,3.96,3.96,3.96,1047
2-Aug-12,3.96,3.96,3.78,3.87,2218
1-Aug-12,4.05,4.05,3.80,4.05,5854
31-Jul-12,3.87,3.96,3.42,3.96,8450
30-Jul-12,3.82,3.82,3.80,3.80,2272
27-Jul-12,3.96,3.96,3.96,3.96,933
26-Jul-12,3.92,4.05,3.80,3.80,29250
25-Jul-12,3.87,3.96,3.78,3.78,17528
24-Jul-12,3.87,3.92,3.78,3.78,9256
20-Jul-12,3.87,3.96,3.78,3.78,2278
19-Jul-12,3.78,3.78,3.78,3.78,2133
18-Jul-12,3.69,3.78,3.69,3.78,2011
17-Jul-12,3.42,3.60,3.42,3.60,8704
16-Jul-12,3.51,3.60,3.33,3.42,1206
13-Jul-12,3.60,3.60,3.51,3.51,333
12-Jul-12,3.51,3.60,3.51,3.51,13207
11-Jul-12,3.74,3.74,3.51,3.60,10828
9-Jul-12,3.33,3.60,3.24,3.44,18100
6-Jul-12,3.60,3.60,3.42,3.60,3567
5-Jul-12,3.42,3.60,3.10,3.24,47919
3-Jul-12,3.42,3.87,3.42,3.87,767
2-Jul-12,3.78,3.78,3.42,3.42,1156
29-Jun-12,3.15,3.78,2.97,3.78,81592
28-Jun-12,3.42,3.60,3.29,3.29,2458
27-Jun-12,3.51,3.51,3.44,3.44,1111
26-Jun-12,3.78,3.78,3.44,3.44,3139
25-Jun-12,3.96,3.96,3.60,3.60,2450
22-Jun-12,3.87,4.14,3.87,3.96,5983
21-Jun-12,3.87,4.05,3.60,3.78,10139
20-Jun-12,3.89,3.96,3.60,3.78,29470
19-Jun-12,3.06,3.49,3.06,3.24,3549
18-Jun-12,3.06,3.69,2.81,3.60,3522
15-Jun-12,3.33,3.78,3.33,3.78,33
14-Jun-12,3.42,3.78,3.33,3.78,839
13-Jun-12,3.78,3.78,3.78,3.78,111
12-Jun-12,3.60,3.78,3.51,3.78,1639
11-Jun-12,3.10,3.60,3.10,3.60,917
7-Jun-12,3.15,3.60,3.08,3.60,1233
6-Jun-12,3.49,3.60,3.49,3.60,11
5-Jun-12,3.42,3.60,3.06,3.15,844
4-Jun-12,3.08,3.60,3.06,3.60,839
1-Jun-12,3.06,3.42,3.06,3.42,950
31-May-12,3.42,3.78,3.24,3.58,1053
30-May-12,3.24,3.42,3.24,3.42,283
29-May-12,3.24,3.42,3.06,3.42,6078
25-May-12,3.24,3.24,3.15,3.24,6506
24-May-12,3.06,3.24,3.06,3.24,6856
23-May-12,2.88,3.15,2.88,3.15,267
22-May-12,2.70,3.15,2.52,3.15,5282
21-May-12,2.70,3.24,2.70,3.24,1061
18-May-12,3.24,3.24,3.24,3.24,1167
17-May-12,2.88,3.51,2.88,3.06,27376
16-May-12,3.06,3.06,2.70,2.88,15881
15-May-12,3.06,3.06,2.70,2.97,13867
14-May-12,3.24,3.42,3.06,3.42,861
11-May-12,3.42,3.60,3.42,3.60,1117
10-May-12,3.42,3.78,3.42,3.42,5469
9-May-12,2.88,3.78,2.70,3.78,4861
8-May-12,3.17,3.17,3.06,3.06,1167
7-May-12,3.17,3.24,3.17,3.24,1717
4-May-12,3.24,3.42,3.24,3.42,2839
2-May-12,3.24,3.51,3.24,3.24,4919
1-May-12,3.58,3.58,3.24,3.58,506
30-Apr-12,3.42,3.60,3.24,3.58,2944
26-Apr-12,4.14,4.14,3.42,3.42,4810
25-Apr-12,3.78,3.78,3.42,3.42,2432
24-Apr-12,4.14,4.14,3.60,4.14,2939
23-Apr-12,3.87,4.14,3.87,4.14,908
20-Apr-12,3.96,3.96,3.87,3.96,544
19-Apr-12,4.30,4.32,3.89,3.96,1239
18-Apr-12,3.80,4.14,3.78,4.14,2222
17-Apr-12,4.30,4.30,3.78,3.96,6494
16-Apr-12,4.68,4.68,3.87,4.14,1671
13-Apr-12,4.14,4.41,3.87,4.41,3928
12-Apr-12,3.78,4.23,3.78,3.96,3133
11-Apr-12,3.78,4.50,3.78,4.32,8428
10-Apr-12,4.32,4.32,3.60,4.05,6146
9-Apr-12,4.41,4.50,4.05,4.32,8497
5-Apr-12,4.86,4.86,4.25,4.32,3493
4-Apr-12,4.86,5.20,4.52,4.86,8456
3-Apr-12,5.04,5.40,4.86,5.04,9825
2-Apr-12,5.06,5.40,4.68,5.04,11298
30-Mar-12,5.42,5.58,5.04,5.38,44050
29-Mar-12,7.56,7.74,5.58,5.76,69025
28-Mar-12,5.22,7.20,5.22,6.48,220485
27-Mar-12,4.50,5.04,4.50,4.95,8518
26-Mar-12,3.78,4.59,3.78,4.32,2520
23-Mar-12,4.52,4.52,4.52,4.52,42
22-Mar-12,4.50,4.68,4.50,4.50,606
21-Mar-12,4.32,4.68,4.32,4.59,4228
19-Mar-12,4.50,4.68,4.32,4.68,2500
16-Mar-12,4.50,4.50,4.32,4.50,789
15-Mar-12,4.50,4.50,4.32,4.50,728
14-Mar-12,3.98,4.68,3.98,4.68,978
13-Mar-12,4.50,4.50,4.23,4.50,3128
12-Mar-12,4.50,4.50,4.14,4.32,1978
9-Mar-12,3.80,4.48,3.80,4.48,2249
8-Mar-12,3.96,3.96,3.96,3.96,1111
7-Mar-12,4.23,4.32,3.96,4.32,1194
6-Mar-12,4.14,4.32,3.96,4.14,3482
5-Mar-12,3.96,4.32,3.96,4.32,7142
2-Mar-12,4.14,4.14,3.78,4.05,12642
1-Mar-12,3.94,3.94,3.60,3.92,122
29-Feb-12,3.69,4.14,3.69,3.78,6464
28-Feb-12,4.14,4.32,3.96,4.14,2940
27-Feb-12,4.32,4.32,4.14,4.32,1894
24-Feb-12,4.14,4.48,4.05,4.48,1383
23-Feb-12,3.60,4.32,3.60,4.32,22651
22-Feb-12,4.14,4.23,3.62,3.62,2986
21-Feb-12,3.96,4.32,3.96,4.32,1506
17-Feb-12,3.62,3.96,3.62,3.78,474
16-Feb-12,3.62,4.14,3.62,3.78,1472
15-Feb-12,3.96,4.50,3.62,3.96,1933
14-Feb-12,4.05,4.50,3.98,4.50,950
13-Feb-12,4.50,4.50,4.05,4.50,878
10-Feb-12,3.60,4.50,3.60,4.50,4456
9-Feb-12,4.32,4.32,3.60,4.32,256
8-Feb-12,4.32,4.41,3.60,4.41,2964
7-Feb-12,4.32,4.32,3.96,4.32,3700
6-Feb-12,4.32,4.32,4.32,4.32,11
3-Feb-12,3.87,4.32,3.60,4.32,1939
2-Feb-12,4.32,4.32,3.51,4.32,1688
1-Feb-12,4.41,4.41,4.41,4.41,6
31-Jan-12,4.05,4.05,3.51,4.05,2228
30-Jan-12,4.32,4.32,3.44,3.60,2325
27-Jan-12,3.44,4.32,3.44,4.32,89
26-Jan-12,3.51,3.51,3.51,3.51,556
25-Jan-12,3.60,3.78,3.60,3.60,1689
24-Jan-12,3.33,3.60,3.33,3.60,1217
23-Jan-12,3.51,4.14,3.42,3.42,8372
20-Jan-12,4.14,4.14,3.42,4.14,594
19-Jan-12,3.78,4.14,3.42,4.14,2443
18-Jan-12,4.14,4.14,3.42,4.14,909
17-Jan-12,3.96,4.32,3.60,3.82,7171
13-Jan-12,3.78,4.30,3.69,4.14,885
12-Jan-12,3.33,4.30,3.33,3.87,5651
11-Jan-12,3.24,3.78,3.24,3.78,2867
10-Jan-12,3.60,4.14,3.06,3.82,2551
9-Jan-12,4.14,4.14,4.14,4.14,129
6-Jan-12,4.14,4.14,3.51,4.14,959
5-Jan-12,3.51,4.23,3.51,4.23,144
4-Jan-12,3.44,4.14,3.44,4.14,194
3-Jan-12,3.78,4.32,3.78,4.32,544
30-Dec-11,3.26,4.32,3.24,4.32,4839
29-Dec-11,3.60,3.96,3.26,3.26,1882
28-Dec-11,3.42,3.96,3.42,3.42,833
27-Dec-11,3.71,3.71,3.24,3.60,7208
23-Dec-11,3.71,3.71,3.60,3.60,194
22-Dec-11,3.78,3.78,3.24,3.60,2194
21-Dec-11,3.78,3.78,3.78,3.78,194
20-Dec-11,4.41,4.41,3.78,4.14,1939
19-Dec-11,3.60,4.50,3.60,4.50,108
16-Dec-11,3.96,4.50,3.96,4.50,2500
15-Dec-11,4.50,4.50,4.28,4.28,1612
14-Dec-11,4.86,4.86,4.86,4.86,55
13-Dec-11,4.68,4.86,3.96,4.70,10819
12-Dec-11,4.50,4.86,3.78,3.78,10946
9-Dec-11,4.86,4.86,4.41,4.86,94
8-Dec-11,4.32,5.04,4.32,5.04,1406
7-Dec-11,4.14,4.41,3.96,4.41,3089
6-Dec-11,4.68,4.68,4.14,4.14,2450
5-Dec-11,4.50,4.50,3.74,4.23,3737
2-Dec-11,5.02,5.04,4.50,4.50,5961
1-Dec-11,4.68,5.02,4.68,5.02,136
30-Nov-11,4.50,4.95,4.50,4.95,9630
29-Nov-11,5.13,5.13,3.42,4.41,14175
28-Nov-11,4.52,4.52,4.50,4.50,472
25-Nov-11,4.50,5.13,4.50,5.13,194
23-Nov-11,4.68,4.68,4.50,4.50,1308
22-Nov-11,5.04,5.13,4.70,4.70,2372
21-Nov-11,5.40,5.40,4.86,4.86,5925
18-Nov-11,5.04,5.31,4.86,5.22,5453
17-Nov-11,5.31,5.67,5.04,5.04,38030
16-Nov-11,5.04,5.22,4.95,5.13,23442
15-Nov-11,4.86,5.04,4.77,4.95,6549
14-Nov-11,4.68,5.58,4.68,4.86,22400
11-Nov-11,5.02,5.02,4.57,4.86,6678
10-Nov-11,4.95,5.04,4.72,4.86,17750
9-Nov-11,5.13,5.49,4.86,5.04,121689
8-Nov-11,4.41,5.22,4.41,5.22,33994
7-Nov-11,4.32,4.50,3.96,4.32,20314
4-Nov-11,4.32,4.50,4.32,4.41,12347
3-Nov-11,4.41,4.41,3.69,4.14,5329
2-Nov-11,3.78,4.41,3.60,4.41,5082
1-Nov-11,4.50,4.50,3.60,4.14,3265
31-Oct-11,6.48,6.48,4.14,4.41,2637
28-Oct-11,3.96,4.50,3.78,4.50,11470
27-Oct-11,4.32,4.32,3.87,3.87,1300
26-Oct-11,4.32,4.32,3.96,4.32,10222
25-Oct-11,4.50,4.50,3.96,4.50,3797
24-Oct-11,4.50,4.68,4.14,4.50,1363
21-Oct-11,5.04,5.04,4.14,4.32,10475
20-Oct-11,5.04,5.13,4.32,4.32,10556
19-Oct-11,5.13,5.13,5.04,5.13,2147
18-Oct-11,5.04,5.22,4.50,5.22,4149
17-Oct-11,5.94,5.94,5.04,5.04,20867
14-Oct-11,3.96,5.40,3.96,5.22,32417
13-Oct-11,3.96,3.96,3.96,3.96,5111
12-Oct-11,3.78,4.14,3.78,4.14,2333
11-Oct-11,3.96,3.96,3.96,3.96,850
10-Oct-11,4.50,4.68,4.32,4.32,7158
7-Oct-11,4.14,4.50,3.96,4.32,50556
6-Oct-11,4.50,4.50,3.60,4.14,116
5-Oct-11,3.87,4.32,3.26,4.32,3682
4-Oct-11,3.60,4.50,3.60,4.50,2925
3-Oct-11,5.22,5.22,4.14,4.50,1185
30-Sep-11,3.60,5.40,3.60,5.40,7494
29-Sep-11,4.68,5.04,3.96,4.86,3222
28-Sep-11,5.04,5.40,4.68,5.40,1422
27-Sep-11,5.40,5.94,5.40,5.94,1111
26-Sep-11,5.40,5.76,5.40,5.40,6000
23-Sep-11,5.04,5.76,5.04,5.76,839
22-Sep-11,5.76,5.76,5.04,5.04,1319
21-Sep-11,6.30,6.30,5.76,6.03,2367
20-Sep-11,6.30,6.48,5.94,6.12,31362
19-Sep-11,6.30,6.30,5.76,6.12,4692
16-Sep-11,4.86,6.48,4.86,6.30,39151
15-Sep-11,5.40,5.40,4.77,4.86,5086
14-Sep-11,5.40,5.58,3.96,5.40,97252
13-Sep-11,5.58,5.58,5.58,5.58,183
12-Sep-11,6.48,6.66,6.48,6.48,11111
9-Sep-11,5.94,5.94,5.94,5.94,278
8-Sep-11,6.30,6.30,6.30,6.30,14
7-Sep-11,5.40,5.40,5.22,5.40,9861
6-Sep-11,5.40,5.40,5.40,5.40,222
2-Sep-11,7.02,7.02,5.58,5.58,840
1-Sep-11,6.48,7.20,5.60,7.02,5339
31-Aug-11,6.66,7.56,6.66,7.20,1806
30-Aug-11,6.48,7.20,6.12,7.20,6980
29-Aug-11,6.48,6.48,5.40,6.48,4450
26-Aug-11,5.22,5.94,5.22,5.94,333
25-Aug-11,6.12,6.48,5.40,5.40,2583
24-Aug-11,5.76,5.94,4.68,5.40,1718
23-Aug-11,5.76,5.76,4.50,5.76,2167
19-Aug-11,4.68,4.68,4.68,4.68,1111
18-Aug-11,5.04,5.22,5.04,5.04,2333
17-Aug-11,5.76,5.76,5.76,5.76,539
16-Aug-11,4.50,5.76,4.50,5.40,2106
15-Aug-11,5.76,5.76,4.50,5.76,600
12-Aug-11,5.76,5.76,5.76,5.76,1200
11-Aug-11,5.76,6.48,5.76,6.48,313
10-Aug-11,5.94,6.66,4.86,5.76,5141
9-Aug-11,5.58,5.94,4.14,4.14,3180
8-Aug-11,4.32,4.32,4.32,4.32,204
5-Aug-11,5.58,5.58,5.58,5.58,667
4-Aug-11,5.85,5.94,5.67,5.67,522
3-Aug-11,5.67,7.20,5.67,7.20,2247
2-Aug-11,7.20,7.20,6.30,6.84,1299
1-Aug-11,8.28,8.28,6.30,6.30,1172
29-Jul-11,5.67,8.44,5.67,8.44,617
28-Jul-11,7.02,7.02,5.67,7.02,594
27-Jul-11,6.30,7.20,5.58,5.76,6640
26-Jul-11,5.22,7.49,5.22,6.30,9025
25-Jul-11,4.14,5.94,4.14,5.22,22889
22-Jul-11,4.14,4.14,3.69,4.14,2057
21-Jul-11,3.51,3.51,3.51,3.51,17
20-Jul-11,4.50,4.50,3.60,4.14,646
19-Jul-11,4.14,4.14,2.88,3.96,3327
18-Jul-11,4.50,4.52,4.32,4.47,6057
15-Jul-11,4.86,5.22,4.50,4.86,5616
14-Jul-11,4.41,5.04,3.96,5.04,622
13-Jul-11,4.86,4.86,4.86,4.86,443
12-Jul-11,4.50,4.50,4.50,4.50,192
11-Jul-11,4.68,4.86,4.59,4.68,2061
8-Jul-11,4.14,4.50,3.96,4.50,4817
7-Jul-11,4.14,4.32,3.78,4.14,7033
6-Jul-11,4.32,4.32,4.32,4.32,47
5-Jul-11,4.14,4.50,3.96,4.32,1114
1-Jul-11,3.15,3.78,3.15,3.78,613
30-Jun-11,3.15,3.60,3.15,3.24,283
29-Jun-11,3.15,3.60,3.15,3.60,335
28-Jun-11,3.60,3.60,3.15,3.60,3361
27-Jun-11,3.06,3.78,3.06,3.78,13857
24-Jun-11,3.60,3.60,3.24,3.33,6844
23-Jun-11,3.42,3.78,3.42,3.78,185
22-Jun-11,3.60,3.87,3.42,3.87,2922
21-Jun-11,3.78,3.78,2.88,3.60,3484
20-Jun-11,3.96,3.96,3.60,3.60,2031
17-Jun-11,3.96,3.96,3.78,3.78,1017
16-Jun-11,4.32,4.32,3.96,3.96,7403
15-Jun-11,4.41,4.86,4.14,4.32,6078
14-Jun-11,4.23,4.41,4.14,4.41,711
13-Jun-11,3.96,4.32,3.96,4.32,7642
10-Jun-11,4.32,4.41,4.14,4.14,6366
9-Jun-11,4.32,4.32,4.32,4.32,607
8-Jun-11,4.41,4.41,4.32,4.32,339
7-Jun-11,4.23,4.41,4.23,4.41,2094
6-Jun-11,4.50,4.50,4.32,4.34,4877
3-Jun-11,4.32,4.50,4.32,4.41,9275
2-Jun-11,4.50,4.50,3.80,3.96,722
1-Jun-11,4.68,4.68,3.78,4.50,4094
31-May-11,4.70,5.20,3.96,4.68,9357
27-May-11,5.22,5.22,4.70,4.70,2595
26-May-11,4.68,5.13,4.68,5.13,1692
25-May-11,3.96,5.04,3.96,4.86,2365
24-May-11,5.22,5.22,4.23,5.04,14782
23-May-11,5.22,5.40,4.68,4.68,2619
20-May-11,3.96,5.76,3.96,5.40,2278
19-May-11,5.40,5.76,5.04,5.40,4251
18-May-11,7.20,7.20,5.13,5.58,6287
17-May-11,8.10,8.28,6.66,7.20,7219
16-May-11,8.10,8.28,7.56,7.56,1283
13-May-11,7.92,7.92,7.92,7.92,418
12-May-11,7.20,7.20,7.20,7.20,6
11-May-11,7.20,7.20,7.20,7.20,568
10-May-11,7.20,7.20,7.20,7.20,378
9-May-11,8.10,8.46,7.20,7.20,1807
6-May-11,7.20,8.82,7.20,8.64,388
5-May-11,8.28,9.36,8.10,9.09,898
4-May-11,8.46,9.36,8.46,8.46,463
3-May-11,8.64,9.54,8.46,8.46,667
2-May-11,8.48,9.72,8.48,9.72,1318
29-Apr-11,8.10,10.08,8.10,10.08,2674
28-Apr-11,9.36,9.36,8.64,9.36,85
27-Apr-11,8.46,9.81,8.46,9.36,583
26-Apr-11,8.46,9.36,8.10,9.36,2325
25-Apr-11,9.90,9.90,9.00,9.00,241
21-Apr-11,10.08,10.08,8.46,9.90,422
20-Apr-11,8.46,9.90,8.46,8.64,589
19-Apr-11,8.46,10.08,8.46,8.46,4012
18-Apr-11,9.90,10.08,8.46,9.18,1267
15-Apr-11,8.82,9.90,8.10,9.90,1354
14-Apr-11,9.18,9.90,8.10,8.10,892
13-Apr-11,9.36,9.72,9.18,9.18,865
12-Apr-11,10.08,10.08,9.45,10.08,2069
11-Apr-11,10.44,10.55,10.08,10.08,1560
8-Apr-11,10.44,11.70,10.44,10.53,1004
7-Apr-11,10.80,12.06,10.80,12.06,463
6-Apr-11,12.78,12.78,10.80,12.06,14756
5-Apr-11,11.70,13.14,10.08,12.42,2996
4-Apr-11,13.32,14.40,12.06,12.06,1596
1-Apr-11,13.50,13.68,11.88,13.50,1422
31-Mar-11,11.34,13.50,11.16,13.50,5014
30-Mar-11,10.26,12.06,10.26,12.06,2577
29-Mar-11,12.24,13.50,11.16,11.88,2199
28-Mar-11,14.40,14.40,12.60,12.60,3019
25-Mar-11,12.60,14.40,12.60,14.04,1275
24-Mar-11,14.40,14.40,12.42,13.50,1798
23-Mar-11,11.52,12.96,9.18,12.96,19076
22-Mar-11,13.50,14.76,12.24,12.24,3886
21-Mar-11,13.86,15.66,13.50,13.86,1554
18-Mar-11,16.92,16.92,13.50,14.94,2797
17-Mar-11,18.90,18.90,14.40,14.40,2647
16-Mar-11,14.94,16.74,14.40,16.56,995
15-Mar-11,13.68,17.10,13.68,16.38,6234
14-Mar-11,16.20,21.42,14.76,16.92,7858
11-Mar-11,22.32,22.32,19.44,22.32,162
10-Mar-11,18.90,22.50,18.90,19.80,1680
9-Mar-11,18.36,22.50,16.92,20.70,4758
8-Mar-11,22.32,23.94,21.96,23.40,1680
7-Mar-11,24.12,24.12,22.50,22.68,19002
4-Mar-11,22.50,23.40,22.32,23.40,835
3-Mar-11,21.96,23.40,21.96,22.68,556
2-Mar-11,21.78,24.30,21.78,22.86,2198
1-Mar-11,23.76,24.30,21.78,22.86,4691
28-Feb-11,20.34,24.30,20.34,23.40,2986
25-Feb-11,23.04,24.30,22.32,22.68,2945
24-Feb-11,20.52,23.58,20.34,22.50,6265
23-Feb-11,25.74,25.74,19.80,19.98,13293
22-Feb-11,20.16,25.74,20.16,25.56,24490
18-Feb-11,21.24,21.24,19.98,20.70,1835
17-Feb-11,21.42,21.42,19.08,21.24,2594
16-Feb-11,21.78,22.32,19.98,21.60,13481
15-Feb-11,22.68,22.68,21.06,22.68,4229
14-Feb-11,20.88,22.68,20.34,22.32,5543
11-Feb-11,21.06,21.06,20.16,20.70,3224
10-Feb-11,20.16,21.06,20.16,21.06,13680
9-Feb-11,21.60,22.14,19.26,21.06,11362
8-Feb-11,22.50,22.86,19.80,21.24,18294
7-Feb-11,18.54,22.32,18.00,21.60,39470
4-Feb-11,15.30,17.10,15.30,16.02,12349
3-Feb-11,12.60,15.30,12.60,15.12,8677
2-Feb-11,12.60,13.50,12.60,12.60,1757
1-Feb-11,14.22,14.40,12.42,12.42,1628
31-Jan-11,13.50,14.04,13.14,13.14,833
28-Jan-11,10.98,13.32,10.98,12.60,1589
27-Jan-11,12.60,12.60,12.60,12.60,56
26-Jan-11,14.40,14.40,13.50,13.50,411
25-Jan-11,12.60,15.03,12.60,13.50,918
24-Jan-11,11.70,13.50,9.36,13.50,44190
21-Jan-11,12.78,14.40,12.60,14.40,1502
20-Jan-11,15.30,15.30,12.06,15.30,1249
19-Jan-11,14.04,15.30,12.96,15.30,778
18-Jan-11,14.94,14.94,14.76,14.76,2722
14-Jan-11,15.30,15.30,15.30,15.30,189
13-Jan-11,14.76,14.76,14.76,14.76,11
12-Jan-11,14.40,15.30,14.40,15.30,117
10-Jan-11,14.40,14.40,12.60,14.40,251
7-Jan-11,14.40,15.12,14.40,15.12,56
6-Jan-11,14.40,14.40,13.68,14.40,5801
5-Jan-11,17.10,17.10,13.50,15.30,428
4-Jan-11,11.97,18.00,11.97,14.40,6999
31-Dec-10,14.40,14.40,14.40,14.40,362
30-Dec-10,13.86,14.04,13.86,13.86,778
28-Dec-10,14.04,14.04,14.04,14.04,111
27-Dec-10,12.15,14.04,12.15,14.04,132
23-Dec-10,13.50,14.40,13.50,14.40,289
22-Dec-10,12.60,14.13,12.60,14.13,1000
21-Dec-10,13.68,13.68,13.68,13.68,6
20-Dec-10,14.40,14.40,12.96,14.04,462
17-Dec-10,14.40,14.40,13.50,13.50,249
16-Dec-10,14.40,14.40,14.40,14.40,139
15-Dec-10,14.40,14.40,14.40,14.40,340
14-Dec-10,14.40,14.40,14.40,14.40,550
13-Dec-10,12.60,17.64,12.60,14.40,2906
10-Dec-10,12.60,14.76,12.60,14.04,3125
9-Dec-10,12.60,14.58,12.60,14.40,2256
8-Dec-10,12.96,14.40,12.60,12.60,3886
7-Dec-10,12.06,12.96,12.06,12.24,1339
6-Dec-10,12.24,12.60,12.24,12.42,1867
3-Dec-10,12.42,12.60,10.26,10.80,1250
29-Nov-10,13.14,13.14,13.14,13.14,28
24-Nov-10,9.00,12.24,9.00,12.24,222
23-Nov-10,10.80,12.60,9.36,12.60,2094
22-Nov-10,11.88,11.88,11.88,11.88,111
19-Nov-10,10.80,11.88,10.80,11.88,383
18-Nov-10,10.80,12.96,10.80,12.96,261
17-Nov-10,14.40,14.40,9.90,12.60,2468
16-Nov-10,11.16,11.16,8.10,9.36,2317
15-Nov-10,11.16,11.16,10.08,10.08,1225
12-Nov-10,9.90,11.16,9.90,9.90,1567
11-Nov-10,11.70,12.06,11.16,11.16,1200
10-Nov-10,12.42,12.42,12.06,12.06,1009
9-Nov-10,14.04,14.04,12.42,12.60,5872
8-Nov-10,10.80,13.86,10.80,13.68,11774
4-Nov-10,10.80,10.80,10.80,10.80,6
2-Nov-10,10.62,10.62,10.62,10.62,417
1-Nov-10,9.72,10.80,9.54,10.80,6968
29-Oct-10,10.80,10.80,10.80,10.80,333
28-Oct-10,12.24,12.24,9.72,12.24,644
26-Oct-10,10.98,12.42,9.90,12.42,1178
25-Oct-10,11.70,11.70,10.98,10.98,133
21-Oct-10,13.50,13.50,9.36,12.06,3639
20-Oct-10,12.60,13.68,11.16,12.24,3396
19-Oct-10,13.14,13.14,11.70,13.14,317
18-Oct-10,12.78,13.50,12.60,13.50,456
15-Oct-10,13.68,13.68,12.96,13.68,78
14-Oct-10,13.32,13.68,12.78,13.50,300
13-Oct-10,13.50,13.68,12.96,13.68,2017
11-Oct-10,13.23,13.77,12.69,13.77,2011
8-Oct-10,13.86,14.04,12.96,13.23,2646
7-Oct-10,13.86,13.86,12.78,13.86,239
6-Oct-10,13.86,13.86,13.86,13.86,17
5-Oct-10,13.50,13.86,12.96,13.86,2631
4-Oct-10,13.50,13.86,11.88,13.68,3867
1-Oct-10,12.60,13.86,12.60,13.50,917
30-Sep-10,13.50,13.68,13.50,13.68,234
29-Sep-10,12.78,13.68,12.06,13.68,3105
28-Sep-10,13.32,13.68,11.88,12.96,133
27-Sep-10,11.52,13.32,11.52,12.60,1430
24-Sep-10,9.90,11.88,9.90,11.88,255
23-Sep-10,11.70,11.88,10.80,11.88,848
22-Sep-10,11.70,12.60,9.90,12.60,389
21-Sep-10,12.96,12.96,12.96,12.96,183
20-Sep-10,12.60,12.96,12.60,12.96,472
17-Sep-10,12.06,12.58,12.06,12.24,1264
16-Sep-10,13.30,13.30,11.88,12.06,942
14-Sep-10,11.70,13.32,11.70,13.32,1371
13-Sep-10,13.14,13.14,11.88,11.88,811
10-Sep-10,13.14,13.14,13.14,13.14,50
9-Sep-10,13.14,13.14,11.70,13.14,100
8-Sep-10,12.60,12.78,12.60,12.60,1111
7-Sep-10,12.24,12.60,12.24,12.60,1522
3-Sep-10,10.98,12.24,10.98,12.24,572
2-Sep-10,9.36,12.42,9.36,12.24,3783
1-Sep-10,9.72,11.25,9.36,10.80,5549
31-Aug-10,9.00,10.80,9.00,10.80,1588
30-Aug-10,10.80,10.80,9.36,9.36,156
27-Aug-10,9.18,11.34,9.18,10.80,2628
26-Aug-10,9.36,10.26,7.38,10.26,1196
25-Aug-10,10.26,10.80,9.18,10.80,439
24-Aug-10,11.16,11.16,10.44,11.16,333
20-Aug-10,10.80,11.16,10.80,11.16,589
19-Aug-10,11.16,11.16,10.80,11.16,1033
18-Aug-10,11.16,11.52,11.16,11.52,772
17-Aug-10,8.64,10.80,8.64,10.80,4028
16-Aug-10,8.64,8.64,8.64,8.64,56
13-Aug-10,8.64,10.08,8.64,9.00,1594
12-Aug-10,8.64,8.64,8.64,8.64,89
10-Aug-10,7.20,8.64,7.20,8.64,589
9-Aug-10,8.64,8.64,8.64,8.64,44
6-Aug-10,8.64,8.64,8.64,8.64,111
5-Aug-10,6.66,8.64,6.66,8.64,1624
4-Aug-10,8.10,8.10,8.10,8.10,611
3-Aug-10,8.10,8.10,8.10,8.10,89
2-Aug-10,8.10,8.10,8.10,8.10,1111
